{"cameraMode":{"drawMode":0,"name":"Shaded","section":"Shading Mode"},"sceneLighting":true,"audioPlay":false,"sceneViewState":{"showFog":true,"showMaterialUpdate":false,"showSkybox":true,"showFlares":true,"showImageEffects":true,"showParticleSystems":true},"in2DMode":false,"pivot":{"x":-0.7634844779968262,"y":0.24755287170410157,"z":0.7303714752197266},"rotation":{"x":-0.18615736067295075,"y":0.7706766128540039,"z":-0.2603725790977478,"w":-0.5510067939758301},"size":5.707395553588867,"orthographic":false}